<?xml version="1.0"?>
<Profile xmlns:xsi="http://www.w3.org/2001/XMLSchema-instance" xmlns:xsd="http://www.w3.org/2001/XMLSchema">
  <Items>
    <ProfileItem>
      <ModID>0487ed29-510a-43bb-99b2-a612d7df8d01</ModID>
      <Settings>
        <ProfileSetting>
          <ID>Aspect</ID>
          <Value>1</Value>
        </ProfileSetting>
        <ProfileSetting>
          <ID>Avatars</ID>
          <Value>1</Value>
        </ProfileSetting>
        <ProfileSetting>
          <ID>Dialogue Avatars</ID>
          <Value>0</Value>
        </ProfileSetting>
        <ProfileSetting>
          <ID>Remove Names</ID>
          <Value>1</Value>
        </ProfileSetting>
      </Settings>
      <Name>[Tsunamods] Phoenix Tail Avatars</Name>
      <IsModActive>true</IsModActive>
    </ProfileItem>
    <ProfileItem>
      <ModID>50000000-5555-ff75-5775-630000000005</ModID>
      <Settings>
        <ProfileSetting>
          <ID>SYWV5</ID>
          <Value>1</Value>
        </ProfileSetting>
      </Settings>
      <Name>[Tsunamods] SYW V6 FMV (30fps)</Name>
      <IsModActive>true</IsModActive>
    </ProfileItem>
    <ProfileItem>
      <ModID>8c1020f8-562c-4a1e-87ab-dd328c0aa567</ModID>
      <Settings>
        <ProfileSetting>
          <ID>Spell Names</ID>
          <Value>0</Value>
        </ProfileSetting>
      </Settings>
      <Name>[Tsunamods]Modern Spell Names</Name>
      <IsModActive>true</IsModActive>
    </ProfileItem>
    <ProfileItem>
      <ModID>ed5a8c57-56bf-4cf1-acfa-8e5347f27463</ModID>
      <Settings>
        <ProfileSetting>
          <ID>TSM Arranged</ID>
          <Value>1</Value>
        </ProfileSetting>
      </Settings>
      <Name>[Tsunamods] Arranged Soundtrack</Name>
      <IsModActive>true</IsModActive>
    </ProfileItem>
    <ProfileItem>
      <ModID>148d3e31-a403-429a-b1d0-c61bc07a1853</ModID>
      <Settings />
      <Name>[Tsunamods] The Barret Mod</Name>
      <IsModActive>true</IsModActive>
    </ProfileItem>
    <ProfileItem>
      <ModID>2b49d831-6556-41df-9ddb-d1a6e937f548</ModID>
      <Settings>
        <ProfileSetting>
          <ID>Main</ID>
          <Value>0</Value>
        </ProfileSetting>
        <ProfileSetting>
          <ID>enhanced</ID>
          <Value>1</Value>
        </ProfileSetting>
        <ProfileSetting>
          <ID>status</ID>
          <Value>1</Value>
        </ProfileSetting>
        <ProfileSetting>
          <ID>start</ID>
          <Value>1</Value>
        </ProfileSetting>
        <ProfileSetting>
          <ID>Menu Options</ID>
          <Value>0</Value>
        </ProfileSetting>
        <ProfileSetting>
          <ID>items_materia</ID>
          <Value>3</Value>
        </ProfileSetting>
        <ProfileSetting>
          <ID>cursor</ID>
          <Value>1</Value>
        </ProfileSetting>
        <ProfileSetting>
          <ID>bars</ID>
          <Value>2</Value>
        </ProfileSetting>
        <ProfileSetting>
          <ID>fonts</ID>
          <Value>2</Value>
        </ProfileSetting>
        <ProfileSetting>
          <ID>nt</ID>
          <Value>0</Value>
        </ProfileSetting>
        <ProfileSetting>
          <ID>fds</ID>
          <Value>1</Value>
        </ProfileSetting>
        <ProfileSetting>
          <ID>fdb</ID>
          <Value>1</Value>
        </ProfileSetting>
        <ProfileSetting>
          <ID>pos</ID>
          <Value>0</Value>
        </ProfileSetting>
        <ProfileSetting>
          <ID>Battle Menu Options</ID>
          <Value>0</Value>
        </ProfileSetting>
        <ProfileSetting>
          <ID>battleview</ID>
          <Value>3</Value>
        </ProfileSetting>
        <ProfileSetting>
          <ID>tbb</ID>
          <Value>1</Value>
        </ProfileSetting>
        <ProfileSetting>
          <ID>nbb</ID>
          <Value>0</Value>
        </ProfileSetting>
        <ProfileSetting>
          <ID>hbb</ID>
          <Value>1</Value>
        </ProfileSetting>
        <ProfileSetting>
          <ID>Controller Options</ID>
          <Value>0</Value>
        </ProfileSetting>
        <ProfileSetting>
          <ID>controller</ID>
          <Value>1</Value>
        </ProfileSetting>
        <ProfileSetting>
          <ID>controllerorder</ID>
          <Value>1</Value>
        </ProfileSetting>
        <ProfileSetting>
          <ID>controllerxinput</ID>
          <Value>0</Value>
        </ProfileSetting>
      </Settings>
      <Name>[Tsunamods] Enhanced Stock UI</Name>
      <IsModActive>true</IsModActive>
    </ProfileItem>
    <ProfileItem>
      <ModID>debe4027-3b07-4fab-a45b-d7acb444973a</ModID>
      <Settings>
        <ProfileSetting>
          <ID>gameplay</ID>
          <Value>1</Value>
        </ProfileSetting>
      </Settings>
      <Name>New Threat 1.5</Name>
      <IsModActive>false</IsModActive>
    </ProfileItem>
    <ProfileItem>
      <ModID>efc4bc61-7f80-4635-b583-f52c5c9d239f</ModID>
      <Settings>
        <ProfileSetting>
          <ID>gameplay</ID>
          <Value>1</Value>
        </ProfileSetting>
      </Settings>
      <Name>New Threat 2.0</Name>
      <IsModActive>true</IsModActive>
    </ProfileItem>
    <ProfileItem>
      <ModID>b6629e6b-4a35-4ea7-b837-ad9655d01cfe</ModID>
      <Settings />
      <Name>Rise of the Black Wolf</Name>
      <IsModActive>true</IsModActive>
    </ProfileItem>
    <ProfileItem>
      <ModID>50000000-5555-ff75-5775-500000000001</ModID>
      <Settings>
        <ProfileSetting>
          <ID>SYWV5</ID>
          <Value>1</Value>
        </ProfileSetting>
      </Settings>
      <Name>[Tsunamods] SYW V5 Battle Textures</Name>
      <IsModActive>true</IsModActive>
    </ProfileItem>
  </Items>
</Profile>