<?xml version="1.0"?>
<Catalog xmlns:xsi="http://www.w3.org/2001/XMLSchema-instance" xmlns:xsd="http://www.w3.org/2001/XMLSchema">
  <Mods>
    <Mod>
      <ID>ed5a8c57-56bf-4cf1-acfa-8e5347f27463</ID>
      <Author>Dracula9AntiChapel, Bonez, Tsunamix</Author>
      <Link>https://discord.gg/XVHBExy</Link>
      <LatestVersion>
        <DownloadSize>136972</DownloadSize>
        <Link>iros://Url/http://motr.7thheaven.rocks/TsunamodsArranged/[Tsunamods]-Arranged-Soundtrack.iro</Link>
        <Version>1.2</Version>
        <ReleaseDate>2020-02-05T00:00:00</ReleaseDate>
        <CompatibleGameVersions>All</CompatibleGameVersions>
        <PreviewImage>https://i.imgur.com/X7lQH2y.png</PreviewImage>
        <ReleaseNotes />
      </LatestVersion>
      <MetaVersion>0</MetaVersion>
      <Name>[Tsunamods] Arranged Soundtrack</Name>
      <Description>Alternate Soundtrack</Description>
      <Category>Media</Category>
      <SourceCatalogName>Qhimm Catalog</SourceCatalogName>
      <SourceCatalogUrl>iros://Url/http$qhimm.7thheaven.rocks/catalog</SourceCatalogUrl>
      <Tags>
        <string>MotR</string>
        <string>Arranged</string>
        <string>Soundtrack</string>
        <string>Tsunamix</string>
        <string>Dracula9AntiChapel</string>
      </Tags>
    </Mod>
    <Mod>
      <ID>c33191b1-439d-4536-9c70-cc5f6957dfa2</ID>
      <Author>UpRisen</Author>
      <Link>http://forums.qhimm.com/index.php?topic=18029.0</Link>
      <LatestVersion>
        <DownloadSize>473600</DownloadSize>
        <Link>iros://GDrive/1lz0r6BASBBuz1UGDv-RpjxhNnNTnqL99</Link>
        <Version>1.0</Version>
        <ReleaseDate>2018-07-26T00:00:00</ReleaseDate>
        <CompatibleGameVersions>All</CompatibleGameVersions>
        <PreviewImage>https://i.imgur.com/DjBkB71.png</PreviewImage>
        <ReleaseNotes />
      </LatestVersion>
      <MetaVersion>0</MetaVersion>
      <Name>[Tsunamods] Avalanche Arisen Battle Scenes</Name>
      <Description>High resolution battle fields</Description>
      <Category>Battle Textures</Category>
      <SourceCatalogName>Qhimm Catalog</SourceCatalogName>
      <SourceCatalogUrl>iros://Url/http$qhimm.7thheaven.rocks/catalog</SourceCatalogUrl>
      <Tags>
        <string>MotR</string>
        <string>Avalanche</string>
        <string>Tsunamods</string>
        <string>Battle Fields</string>
        <string>Fields</string>
        <string>Arisen</string>
        <string>Uprisen</string>
      </Tags>
    </Mod>
    <Mod>
      <ID>c706f3c9-b6e2-41c6-a603-b8c2b03cbb4b</ID>
      <Author>Bonez, Lap Pun Cheung</Author>
      <Link>http://forums.qhimm.com/index.php?topic=20669.0</Link>
      <LatestVersion>
        <DownloadSize>154489</DownloadSize>
        <Link>iros://Url/http://bonez.7thheaven.rocks/%5BTsunamods%5D_Finishing_Touch.iro</Link>
        <Version>1.02</Version>
        <ReleaseDate>2021-05-25T00:00:00</ReleaseDate>
        <CompatibleGameVersions>All</CompatibleGameVersions>
        <PreviewImage>https://imgur.com/keudmWY.png</PreviewImage>
        <ReleaseNotes />
      </LatestVersion>
      <MetaVersion>0</MetaVersion>
      <Name>[Tsunamods] Finishing Touch</Name>
      <Description>A collection of menu enhancements including:
  3 New prelude credit sequences featuring art from Lap Pun Cheung.
  New start menu background featuring art from Lap Pun Cheung.
  New game over screen featuring art from Lap Pun Cheung.
  Original Tetsuya Nomura portrait-style character avatars.
  New ESUI menu border bars.
  </Description>
      <Category>User Interface</Category>
      <SourceCatalogName>Qhimm Catalog</SourceCatalogName>
      <SourceCatalogUrl>iros://Url/http$qhimm.7thheaven.rocks/catalog</SourceCatalogUrl>
      <Tags>
        <string>MotR</string>
        <string>Bonez</string>
        <string>Tsunamods</string>
        <string>User Interface</string>
      </Tags>
    </Mod>
    <Mod>
      <ID>2e4c6623-97b9-4d5c-b2f3-b4f24f06a911</ID>
      <Author>Bonez</Author>
      <Link>https://forums.qhimm.com/index.php?topic=20475.0</Link>
      <LatestVersion>
        <DownloadSize>1969876</DownloadSize>
        <Link>iros://Url/http$bonez.7thheaven.rocks/%5BTsunamods%5D_Cosmo_Memory.iro</Link>
        <Version>1.006</Version>
        <ReleaseDate>2021-07-10T00:00:00</ReleaseDate>
        <CompatibleGameVersions>All</CompatibleGameVersions>
        <PreviewImage>https://i.imgur.com/7t4JHxB.png</PreviewImage>
        <ReleaseNotes>  
  -Automatic footstep activation
  -Automatic VGMStream activation
  -Updated New Threat Kernel to 2.0991
  -Built in foreign language grunt support for Spanish, German, Italian and French.
  -Added New Threat 1.5, 1.5 Vanilla Combat, True Necrosis, Scavenger and other grunt support.
  -Fix Aerith's waterfall not looping, Added Echo-S/Time Keeper support
        </ReleaseNotes>
      </LatestVersion>
      <MetaVersion>0</MetaVersion>
      <Name>[Tsunamods] Cosmo Memory</Name>
      <Description>Complete sound overhaul.
  -Updates every single sound effect in the game.
  -Adds ambient sound effects to every field in the game.
  -Adds ambient sound effects to every battle in the game.
  -Voiced attacks for every character.
  -Ground-conditional footstep sounds.
  -Updates all video cutscene sound effects.
  -Shuffles sounds so repeating sounds don't sound the same.
  -8 selectable menu sound sets.
  
  </Description>
      <Category>Media</Category>
      <SourceCatalogName>Qhimm Catalog</SourceCatalogName>
      <SourceCatalogUrl>iros://Url/http$qhimm.7thheaven.rocks/catalog</SourceCatalogUrl>
      <Tags>
        <string>MotR</string>
        <string>Bonez</string>
        <string>Tsunamods</string>
        <string>Media</string>
        <string>Sound</string>
      </Tags>
    </Mod>
    <Mod>
      <ID>c422dbb0-8d91-4777-91e4-90b5bcc5646f</ID>
      <Author>unab0mb, Enrico Deiana</Author>
      <Link>https://forums.qhimm.com/index.php?topic=19341.0</Link>
      <LatestVersion>
        <DownloadSize>183393</DownloadSize>
        <Link>iros://Url/http$7thheaven.rocks/mods/[Tsunamods]_EDMusic_FF7_Soundtrack_v0.40.iro</Link>
        <Version>0.40</Version>
        <ReleaseDate>2020-03-03T00:00:00</ReleaseDate>
        <CompatibleGameVersions>All</CompatibleGameVersions>
        <PreviewImage>http://7thheaven.rocks/mods/previewimages/EDMusic-Preview.gif</PreviewImage>
        <ReleaseNotes>Version 0.40 PREVIEW adds 7H 2.0 mod config treeview support, and tracks Fanfare (Default Mix) and Good Night, Until Tomorrow.</ReleaseNotes>
      </LatestVersion>
      <MetaVersion>0</MetaVersion>
      <Name>[Tsunamods] EDMusic FF7 Soundtrack</Name>
      <Description>This is an in-progress full soundtrack replacement for FF7 by Enrico Deiana.</Description>
      <Category>Media</Category>
      <SourceCatalogName>Qhimm Catalog</SourceCatalogName>
      <SourceCatalogUrl>iros://Url/http$qhimm.7thheaven.rocks/catalog</SourceCatalogUrl>
      <Tags>
        <string>unab0mb</string>
        <string>Enrico Deiana</string>
        <string>Music</string>
        <string>Media</string>
      </Tags>
    </Mod>
    <Mod>
      <ID>8c1020f8-562c-4a1e-87ab-dd328c0aa567</ID>
      <Author>Bonez</Author>
      <Link>http://forums.qhimm.com/index.php?topic=19884.0</Link>
      <LatestVersion>
        <DownloadSize>5920</DownloadSize>
        <Link>iros://Url/http://bonez.7thheaven.rocks/%5BTsunamods%5D_Modern_Spell_Names.iro</Link>
        <Version>1.61</Version>
        <ReleaseDate>2020-07-30T00:00:00</ReleaseDate>
        <CompatibleGameVersions>All</CompatibleGameVersions>
        <PreviewImage>https://i.imgur.com/IWziOf9.png</PreviewImage>
        <ReleaseNotes />
      </LatestVersion>
      <MetaVersion>0</MetaVersion>
      <Name>[Tsunamods] Modern Spell Names</Name>
      <Description>Updates spell names to official names used in modern Final Fantasy games and improves spell/item info.
E.g., Bolt2 = Thundara</Description>
      <Category>Miscellaneous</Category>
      <SourceCatalogName>Qhimm Catalog</SourceCatalogName>
      <SourceCatalogUrl>iros://Url/http$qhimm.7thheaven.rocks/catalog</SourceCatalogUrl>
      <Tags>
        <string>Bonez'</string>
        <string>Miscellaneous</string>
        <string>MotR</string>
      </Tags>
    </Mod>
    <Mod>
      <ID>0487ed29-510a-43bb-99b2-a612d7df8d01</ID>
      <Author>Tsunamix + TheWez1981</Author>
      <Link>https://discord.gg/XVHBExy</Link>
      <LatestVersion>
        <DownloadSize>127612</DownloadSize>
        <Link>iros://Url/http$tsunamods.7thheaven.rocks/%5BTsunamods%5D%20Phoenix%20Tail%20Avatars.iro</Link>
        <Version>3.0</Version>
        <ReleaseDate>2020-09-10T00:00:00</ReleaseDate>
        <CompatibleGameVersions>All</CompatibleGameVersions>
        <PreviewImage>https://i.imgur.com/SSj3r4U.png</PreviewImage>
        <ReleaseNotes />
      </LatestVersion>
      <MetaVersion>0</MetaVersion>
      <Name>[Tsunamods] Phoenix Tail Avatars</Name>
      <Description>Multiple choice avatars</Description>
      <Category>User Interface</Category>
      <SourceCatalogName>Qhimm Catalog</SourceCatalogName>
      <SourceCatalogUrl>iros://Url/http$qhimm.7thheaven.rocks/catalog</SourceCatalogUrl>
      <Tags>
        <string>MotR</string>
        <string>Arranged</string>
        <string>Soundtrack</string>
        <string>Tsunamix</string>
        <string>TheWez1981</string>
        <string>Tsunamods</string>
      </Tags>
    </Mod>
    <Mod>
      <ID>50000000-5555-ff75-5775-500000000001</ID>
      <Author>Satsuki_Yatoshi</Author>
      <Link>http://forums.qhimm.com/index.php?topic=20434.0</Link>
      <LatestVersion>
        <DownloadSize>203763</DownloadSize>
        <Link>iros://Url/http$syw.7thheaven.rocks/iros/[Tsunamods].SYW.V5.Battle.Textures.V5.00.7z</Link>
        <Version>5.0</Version>
        <ReleaseDate>2021-05-05T00:00:00</ReleaseDate>
        <CompatibleGameVersions>All</CompatibleGameVersions>
        <PreviewImage>https://i.imgur.com/hz4QfZL.jpg</PreviewImage>
        <ReleaseNotes>The textures are as close as possible to vanilla textures, but AI upscaled with lots of manual tweaks to get an HD experience of the original game design.</ReleaseNotes>
      </LatestVersion>
      <MetaVersion>0</MetaVersion>
      <Name>[Tsunamods] SYW V5 Battle Textures</Name>
      <Description>AI upscaled battle textures</Description>
      <Category>Battle Textures</Category>
      <SourceCatalogName>Qhimm Catalog</SourceCatalogName>
      <SourceCatalogUrl>iros://Url/http$qhimm.7thheaven.rocks/catalog</SourceCatalogUrl>
      <Tags>
        <string>Satsuki</string>
        <string>Battle Textures</string>
        <string>MotR</string>
      </Tags>
    </Mod>
    <Mod>
      <ID>50000000-5555-ff75-5776-511000000002</ID>
      <Author>Satsuki_Yatoshi, Manakaiser, Aavock, L@ZaR0</Author>
      <Link>http://forums.qhimm.com/index.php?topic=20434.0</Link>
      <LatestVersion>
        <DownloadSize>2455592</DownloadSize>
        <Link>iros://Url/http$syw.7thheaven.rocks/iros/[Tsunamods].SYW.V5.Field.Textures.V5.13.7z</Link>
        <Version>5.13</Version>
        <ReleaseDate>2021-05-05T00:00:00</ReleaseDate>
        <CompatibleGameVersions>All</CompatibleGameVersions>
        <PreviewImage>https://i.imgur.com/2ddBcgw.jpg</PreviewImage>
        <ReleaseNotes>The textures are as close as possible to vanilla textures, but AI upscaled with lots of manual tweaks to get an HD experience of the original game design. This pack also upscales all of the field animations. Those animations can cause slowdown on some fields on some computers. If you get slowdown, please disable the "Advanced Texture Animations" option. (double click on this mod and turn off the "Advanced Texture Animations") To get proper Advanced Texture Animations you need to: -Be on the lastest updated 7th Heaven version from here: https://github.com/tsunamods-codes/7th-Heaven/releases. (Scroll down, click "Assets", and grab 7thHeaven-vxxx_Release.zip) -Then go in 7th "Settings/General Settings" and on the bottom-left you'll find the FFNx section, click canary then check for updates, say yes and then go to "Settings/Game Driver Settings, and click "Restore defaults" next to save. -Then go in 7th "Settings/Game Driver - Animated Textures" and set it to ON.</ReleaseNotes>
      </LatestVersion>
      <MetaVersion>0</MetaVersion>
      <Name>[Tsunamods] SYW V5 Field Textures</Name>
      <Description>AI upscaled field textures</Description>
      <Category>Field Textures</Category>
      <SourceCatalogName>Qhimm Catalog</SourceCatalogName>
      <SourceCatalogUrl>iros://Url/http$qhimm.7thheaven.rocks/catalog</SourceCatalogUrl>
      <Tags>
        <string>Satsuki</string>
        <string>Field Textures</string>
        <string>MotR</string>
      </Tags>
    </Mod>
    <Mod>
      <ID>50000000-5555-ff75-5775-522000000010</ID>
      <Author>Aavock, Satsuki_Yatoshi</Author>
      <Link>http://forums.qhimm.com/index.php?topic=20434.0</Link>
      <LatestVersion>
        <DownloadSize>2884</DownloadSize>
        <Link>iros://Url/http$syw.7thheaven.rocks/iros/[Tsunamods].SYW.V5.Menu.and.Fonts.Textures.V5.24.7z</Link>
        <Version>5.24</Version>
        <ReleaseDate>2021-05-05T00:00:00</ReleaseDate>
        <CompatibleGameVersions>All</CompatibleGameVersions>
        <PreviewImage>https://i.imgur.com/rAUDqt9.jpg</PreviewImage>
        <ReleaseNotes>Those textures are as close as possible as vanilla texture but done from scratch in HD</ReleaseNotes>
      </LatestVersion>
      <MetaVersion>0</MetaVersion>
      <Name>[Tsunamods] SYW V5 Menu Fonts and Textures</Name>
      <Description>Done from scratch menu and UI (fonts, wheels...)</Description>
      <Category>User Interface</Category>
      <SourceCatalogName>Qhimm Catalog</SourceCatalogName>
      <SourceCatalogUrl>iros://Url/http$qhimm.7thheaven.rocks/catalog</SourceCatalogUrl>
      <Tags>
        <string>Satsuki</string>
        <string>User Interface</string>
        <string>MotR</string>
        <string>Font</string>
      </Tags>
    </Mod>
    <Mod>
      <ID>50000000-5555-ff75-5775-520000000004</ID>
      <Author>Satsuki_Yatoshi, Aavock, Grimmy</Author>
      <Link>http://forums.qhimm.com/index.php?topic=20434.0</Link>
      <LatestVersion>
        <DownloadSize>32927</DownloadSize>
        <Link>iros://Url/http$syw.7thheaven.rocks/iros/[Tsunamods].SYW.V5.Minigames.Textures.V5.21.7z</Link>
        <Version>5.21</Version>
        <ReleaseDate>2021-05-05T00:00:00</ReleaseDate>
        <CompatibleGameVersions>All</CompatibleGameVersions>
        <PreviewImage>https://i.imgur.com/DkwdEJ9.jpg</PreviewImage>
        <ReleaseNotes>The textures are as close as possible to vanilla textures, but AI upscaled with some manual tweaks to get an HD experience of the original game design.</ReleaseNotes>
      </LatestVersion>
      <MetaVersion>0</MetaVersion>
      <Name>[Tsunamods] SYW V5 Minigame Textures</Name>
      <Description>AI upscaled minigames textures</Description>
      <Category>Minigames</Category>
      <SourceCatalogName>Qhimm Catalog</SourceCatalogName>
      <SourceCatalogUrl>iros://Url/http$qhimm.7thheaven.rocks/catalog</SourceCatalogUrl>
      <Tags>
        <string>Satsuki</string>
        <string>Minigame Textures</string>
        <string>MotR</string>
      </Tags>
    </Mod>
    <Mod>
      <ID>50000000-5555-ff75-5775-500000000003</ID>
      <Author>Kela51, Satsuki_Yatoshi</Author>
      <Link>http://forums.qhimm.com/index.php?topic=20434.0</Link>
      <LatestVersion>
        <DownloadSize>506676</DownloadSize>
        <Link>iros://Url/http$syw.7thheaven.rocks/iros/[Tsunamods].SYW.V5.Spell.Textures.V5.00.7z</Link>
        <Version>5.0</Version>
        <ReleaseDate>2021-05-05T00:00:00</ReleaseDate>
        <CompatibleGameVersions>All</CompatibleGameVersions>
        <PreviewImage>https://i.imgur.com/UWVyfOD.jpg</PreviewImage>
        <ReleaseNotes>The textures are close to vanilla textures, but done from scratch in HD.</ReleaseNotes>
      </LatestVersion>
      <MetaVersion>0</MetaVersion>
      <Name>[Tsunamods] SYW V5 Spell Textures</Name>
      <Description>Done from scratch HD spell textures</Description>
      <Category>Spell Textures</Category>
      <SourceCatalogName>Qhimm Catalog</SourceCatalogName>
      <SourceCatalogUrl>iros://Url/http$qhimm.7thheaven.rocks/catalog</SourceCatalogUrl>
      <Tags>
        <string>Satsuki</string>
        <string>Spell Textures</string>
        <string>MotR</string>
      </Tags>
    </Mod>
    <Mod>
      <ID>50000000-5555-ff75-5775-500000000006</ID>
      <Author>Satsuki_Yatoshi</Author>
      <Link>http://forums.qhimm.com/index.php?topic=20434.0</Link>
      <LatestVersion>
        <DownloadSize>27028</DownloadSize>
        <Link>iros://Url/http$syw.7thheaven.rocks/iros/[Tsunamods].SYW.V5.Worldmap.Textures.V5.01.7z</Link>
        <Version>5.01</Version>
        <ReleaseDate>2021-05-05T00:00:00</ReleaseDate>
        <CompatibleGameVersions>All</CompatibleGameVersions>
        <PreviewImage>https://i.imgur.com/fbMMGnm.jpg</PreviewImage>
        <ReleaseNotes>The textures are as close as possible to vanilla textures, but AI upscaled with lots of manual tweaks to get an HD experience of the original game design. The minimap design is from Team avalanche.</ReleaseNotes>
      </LatestVersion>
      <MetaVersion>0</MetaVersion>
      <Name>[Tsunamods] SYW V5 World Textures</Name>
      <Description>AI upscaled world textures</Description>
      <Category>World Textures</Category>
      <SourceCatalogName>Qhimm Catalog</SourceCatalogName>
      <SourceCatalogUrl>iros://Url/http$qhimm.7thheaven.rocks/catalog</SourceCatalogUrl>
      <Tags>
        <string>Satsuki</string>
        <string>World Textures</string>
        <string>MotR</string>
      </Tags>
    </Mod>
    <Mod>
      <ID>50000000-5555-ff75-5775-630000000005</ID>
      <Author>Satsuki_Yatoshi</Author>
      <Link>http://forums.qhimm.com/index.php?topic=20434.0</Link>
      <LatestVersion>
        <DownloadSize>1878928</DownloadSize>
        <Link>iros://Url/http$syw.7thheaven.rocks/iros/[Tsunamods].SYW.V6.FMV.V6.32.iro</Link>
        <Version>6.32</Version>
        <ReleaseDate>2021-05-05T00:00:00</ReleaseDate>
        <CompatibleGameVersions>All</CompatibleGameVersions>
        <PreviewImage>https://i.imgur.com/OPPh6or.jpg</PreviewImage>
        <ReleaseNotes>Those FMV's are as close as possible to vanilla FMV's but AI + avisynth scripts upscaled and interpolated at 30fps with lots of manual tweaks to get an HD experience of the original game design.</ReleaseNotes>
      </LatestVersion>
      <MetaVersion>0</MetaVersion>
      <Name>[Tsunamods] SYW V6 30FPS Upscaled FMV</Name>
      <Description>AI upscaled 30fps FMV</Description>
      <Category>Media</Category>
      <SourceCatalogName>Qhimm Catalog</SourceCatalogName>
      <SourceCatalogUrl>iros://Url/http$qhimm.7thheaven.rocks/catalog</SourceCatalogUrl>
      <Tags>
        <string>Satsuki</string>
        <string>Media</string>
        <string>MotR</string>
      </Tags>
    </Mod>
    <Mod>
      <ID>50000000-5555-ff75-5775-600000000005</ID>
      <Author>Satsuki_Yatoshi</Author>
      <Link>http://forums.qhimm.com/index.php?topic=20434.0</Link>
      <LatestVersion>
        <DownloadSize>1552836</DownloadSize>
        <Link>iros://Url/http$syw.7thheaven.rocks/iros/[Tsunamods].SYW.V6.FMV.V6.02.iro</Link>
        <Version>6.02</Version>
        <ReleaseDate>2021-05-05T00:00:00</ReleaseDate>
        <CompatibleGameVersions>All</CompatibleGameVersions>
        <PreviewImage>https://i.imgur.com/OPPh6or.jpg</PreviewImage>
        <ReleaseNotes>The FMV's are as close as possible to vanilla FMV's but AI + avisynth scripts upscaled with lots of manual tweaks to get an HD experience of the original game design.</ReleaseNotes>
      </LatestVersion>
      <MetaVersion>0</MetaVersion>
      <Name>[Tsunamods] SYW V6 Upscaled FMV</Name>
      <Description>AI upscaled FMV (no FPS Increase)</Description>
      <Category>Media</Category>
      <SourceCatalogName>Qhimm Catalog</SourceCatalogName>
      <SourceCatalogUrl>iros://Url/http$qhimm.7thheaven.rocks/catalog</SourceCatalogUrl>
      <Tags>
        <string>Satsuki</string>
        <string>Media</string>
        <string>MotR</string>
      </Tags>
    </Mod>
    <Mod>
      <ID>148d3e31-a403-429a-b1d0-c61bc07a1853</ID>
      <Author>UpRisen Sega Chief</Author>
      <Link>https://forums.qhimm.com/index.php?topic=19313.0</Link>
      <LatestVersion>
        <DownloadSize>193468</DownloadSize>
        <Link>iros://Url/http$qhimm.7thheaven.rocks/Catalog 4.0/Battle Models/barretmod.iro</Link>
        <Version>1.2</Version>
        <ReleaseDate>2019-10-28T00:00:00</ReleaseDate>
        <CompatibleGameVersions>All</CompatibleGameVersions>
        <PreviewImage>https://i.imgur.com/enIrc2d.png</PreviewImage>
        <ReleaseNotes />
      </LatestVersion>
      <MetaVersion>0</MetaVersion>
      <Name>[Tsunamods] The Barret Mod</Name>
      <Description>This mod makes your darkest nightmares come true. The Barret cells have spread to everyone in the Final Fantasy VII universe, and have gained the appearance of Barret.</Description>
      <Category>Battle Models</Category>
      <SourceCatalogName>Qhimm Catalog</SourceCatalogName>
      <SourceCatalogUrl>iros://Url/http$qhimm.7thheaven.rocks/catalog</SourceCatalogUrl>
      <Tags>
        <string>MotR</string>
        <string>Models</string>
        <string>UpRisen</string>
        <string>Sega Chief</string>
        <string>Barret Mod</string>
        <string>Tsunamods</string>
      </Tags>
    </Mod>
    <Mod>
      <ID>c4f0d768-a8b9-4d82-a5af-3beda51e0ffa</ID>
      <Author>AxlRose + Sage</Author>
      <Link>https://discord.gg/xJMxvEk</Link>
      <LatestVersion>
        <DownloadSize>161000</DownloadSize>
        <Link>iros://GDrive/14pnWjU4vZ0JZhGIT1BovOPpNnRk_O6AA</Link>
        <Version>2.0</Version>
        <ReleaseDate>2020-05-15T00:00:00</ReleaseDate>
        <CompatibleGameVersions>All</CompatibleGameVersions>
        <PreviewImage>https://imgur.com/iquumhh.gif</PreviewImage>
        <ReleaseNotes />
      </LatestVersion>
      <MetaVersion>0</MetaVersion>
      <Name>AxlRose Avatars</Name>
      <Description>Replaces the in-game portraits of your characters with a Remake style version.
- New super hot Yuffie, Cid, Young Cloud, Vincent, Cait Sith, and Chocobo models.
- Now compatible with the FFNx Driver to use the DDS format (Not Required).
- Removed Aali and FFNx manual switch option, the switch is now automatic.
- New Type A, Type B, Type C, Type D, and Type E sets.
- Type Y and Z are now the old Pencil Drawing Avatars sets.</Description>
      <Category>User Interface</Category>
      <SourceCatalogName>Qhimm Catalog</SourceCatalogName>
      <SourceCatalogUrl>iros://Url/http$qhimm.7thheaven.rocks/catalog</SourceCatalogUrl>
      <Tags>
        <string>AxlRose</string>
        <string>User Interface</string>
        <string>MotR</string>
      </Tags>
    </Mod>
    <Mod>
      <ID>7350eb7e-6b4f-4a9c-8a70-28d6304f8ce7</ID>
      <Author>unab0mb</Author>
      <Link>https://forums.qhimm.com/</Link>
      <LatestVersion>
        <DownloadSize>1690</DownloadSize>
        <Link>iros://Url/http://7thheaven.rocks/mods/Borderless_FF7_(BFF7)_v1.0.iro</Link>
        <Version>1.00</Version>
        <ReleaseDate>2020-03-10T00:00:00</ReleaseDate>
        <CompatibleGameVersions>All</CompatibleGameVersions>
        <PreviewImage>http://7thheaven.rocks/mods/previewimages/BFF7-Preview.gif</PreviewImage>
        <ReleaseNotes />
      </LatestVersion>
      <MetaVersion>0</MetaVersion>
      <Name>Borderless Windows FF7</Name>
      <Description>AutoHotKey based borderless window hack for FF7. REQUIRES 7H 2.0+!
-Your FF7 window title MUST start with 'Final Fantasy VII'.
-Press 8 to toggle window border.
-Press 9 to left align window.
-Press 0 to right align window.
-Press - to center window.
-Press = to toggle borderless fullscreen. (Set your desired resolution in Game Driver Settings first!)</Description>
      <Category>Miscellaneous</Category>
      <SourceCatalogName>Qhimm Catalog</SourceCatalogName>
      <SourceCatalogUrl>iros://Url/http$qhimm.7thheaven.rocks/catalog</SourceCatalogUrl>
      <Tags>
        <string>Unab0mb</string>
        <string>MotR</string>
      </Tags>
    </Mod>
    <Mod>
      <ID>7d42b459-ce44-40cc-b4b2-4ba6301538d4</ID>
      <Author>Kaldarasha</Author>
      <Link>https://www.nexusmods.com/finalfantasy7/mods/1/?tab=description</Link>
      <LatestVersion>
        <DownloadSize>45867</DownloadSize>
        <Link>iros://Url/http$motr.7thheaven.rocks/ChaOS/ChaOS.7z</Link>
        <Version>1.702</Version>
        <ReleaseDate>2019-03-01T00:00:00</ReleaseDate>
        <CompatibleGameVersions>All</CompatibleGameVersions>
        <PreviewImage>https://i.imgur.com/4r7pgKn.png</PreviewImage>
        <ReleaseNotes />
      </LatestVersion>
      <MetaVersion>0</MetaVersion>
      <Name>ChaOS</Name>
      <Description>Replaces every character model with non chibi version done by Kaldarasha, along with some extra optional options.</Description>
      <Category>Field Models</Category>
      <SourceCatalogName>Qhimm Catalog</SourceCatalogName>
      <SourceCatalogUrl>iros://Url/http$qhimm.7thheaven.rocks/catalog</SourceCatalogUrl>
      <Tags>
        <string>Kaldarasha</string>
        <string>Field Models</string>
        <string>MotR</string>
      </Tags>
    </Mod>
    <Mod>
      <ID>63b5b1c5-4e71-4bfb-b318-d2eae78dbefa</ID>
      <Author>Kaldarasha</Author>
      <Link>https://www.nexusmods.com/finalfantasy7/mods/1/?tab=description</Link>
      <LatestVersion>
        <DownloadSize>16907</DownloadSize>
        <Link>iros://Url/http$motr.7thheaven.rocks/ChaOS/Cloud-Dynamic-Weapons.7z</Link>
        <Version>1.72</Version>
        <ReleaseDate>2019-05-18T00:00:00</ReleaseDate>
        <CompatibleGameVersions>All</CompatibleGameVersions>
        <PreviewImage>https://i.imgur.com/4r7pgKn.png</PreviewImage>
        <ReleaseNotes />
      </LatestVersion>
      <MetaVersion>0</MetaVersion>
      <Name>Cloud Dynamic Weapons</Name>
      <Description>Makes the weapon on Clouds back on the fields be his currently equipped weapon.</Description>
      <Category>Field Models</Category>
      <SourceCatalogName>Qhimm Catalog</SourceCatalogName>
      <SourceCatalogUrl>iros://Url/http$qhimm.7thheaven.rocks/catalog</SourceCatalogUrl>
      <Tags>
        <string>Kaldarasha</string>
        <string>Field Models</string>
        <string>Dynamic Weapons</string>
        <string>MotR</string>
      </Tags>
    </Mod>
    <Mod>
      <ID>7769a522-0939-416e-ad17-a681b870d185</ID>
      <Author>cmh175</Author>
      <Link>http://forums.qhimm.com/index.php?topic=14852.0</Link>
      <LatestVersion>
        <DownloadSize>328294</DownloadSize>
        <Link>iros://GDrive/1SwFiDagHU5bnODE7I79_xUkviLVBIrtz</Link>
        <Link>iros://MegaSharedFolder/#F!rDoQ2SAb!k0pcOrOztjwVJCGQYy21PQ,LKghCQSY,CMH175 Models.iro</Link>
        <Version>1.0</Version>
        <ReleaseDate>2018-02-02T00:00:00</ReleaseDate>
        <CompatibleGameVersions>All</CompatibleGameVersions>
        <PreviewImage>https://i.imgur.com/tGSThgc.png</PreviewImage>
        <ReleaseNotes />
      </LatestVersion>
      <MetaVersion>0</MetaVersion>
      <Name>cmh175 Battle Models</Name>
      <Description>A group of cmh175's Battle Models</Description>
      <Category>Battle Models</Category>
      <SourceCatalogName>Qhimm Catalog</SourceCatalogName>
      <SourceCatalogUrl>iros://Url/http$qhimm.7thheaven.rocks/catalog</SourceCatalogUrl>
      <Tags>
        <string>MotR</string>
        <string>Battle Models</string>
        <string>CMH175</string>
      </Tags>
    </Mod>
    <Mod>
      <ID>cd7e9b5b-4b43-441e-b091-0e28e8c5c6db</ID>
      <Author>cmh175</Author>
      <Link>http://forums.qhimm.com/index.php?topic=14852.0</Link>
      <LatestVersion>
        <DownloadSize>3554672</DownloadSize>
        <Link>iros://GDrive/1k0qQs28djwq_qyC1hocq0lrqOd9lw7F2</Link>
        <Link>iros://MegaSharedFolder/#F!rDoQ2SAb!k0pcOrOztjwVJCGQYy21PQ,fOYnWAzC,cmh175 HQ FMV Pack.iro</Link>
        <Version>1.0</Version>
        <ReleaseDate>2018-02-02T00:00:00</ReleaseDate>
        <CompatibleGameVersions>All</CompatibleGameVersions>
        <PreviewImage>https://i.imgur.com/PjjgH4f.png</PreviewImage>
        <ReleaseNotes />
      </LatestVersion>
      <MetaVersion>0</MetaVersion>
      <Name>cmh175 HQ FMV Pack</Name>
      <Description>A group of cmh175's HQ FMV's</Description>
      <Category>Media</Category>
      <SourceCatalogName>Qhimm Catalog</SourceCatalogName>
      <SourceCatalogUrl>iros://Url/http$qhimm.7thheaven.rocks/catalog</SourceCatalogUrl>
      <Tags>
        <string>MotR</string>
        <string>FMV</string>
        <string>CMH175</string>
      </Tags>
    </Mod>
    <Mod>
      <ID>2b49d831-6556-41df-9ddb-d1a6e937f548</ID>
      <Author>Chrysalis</Author>
      <Link>http://forums.qhimm.com/index.php?topic=19120.0</Link>
      <LatestVersion>
        <DownloadSize>37928</DownloadSize>
        <Link>iros://Url/http$chris.7thheaven.rocks/Enhanced Stock UI-rel2.7z</Link>
        <Link>iros://GDrive/1oP_y8rf1ADmAfKK3DVSyB3DOkezyLKR3</Link>
        <Version>2.46</Version>
        <ReleaseDate>2021-08-09T00:00:00</ReleaseDate>
        <CompatibleGameVersions>All</CompatibleGameVersions>
        <PreviewImage>https://i.imgur.com/n4vnSx0.png</PreviewImage>
        <ReleaseNotes>Version 2.4 Adds Optional Buster Sword Cursor
Adds Dialog Box Options
Read Readme for detailed changelog.</ReleaseNotes>
      </LatestVersion>
      <MetaVersion>0</MetaVersion>
      <Name>[Tsunamods] Enhanced Stock UI</Name>
      <Description>Enhanced Version of Stock UI
High Resolution Menu System
Choice Of Battle UI
Choice of Icons
Controller Icons</Description>
      <Category>User Interface</Category>
      <SourceCatalogName>Qhimm Catalog</SourceCatalogName>
      <SourceCatalogUrl>iros://Url/http$qhimm.7thheaven.rocks/catalog</SourceCatalogUrl>
      <Tags>
        <string>MotR</string>
        <string>Menu</string>
        <string>Chrysalis</string>
        <string>ChrisC79UK</string>
        <string>Menu Overhaul</string>
        <string>Enhanced Stock UI</string>
      </Tags>
    </Mod>
    <Mod>
      <ID>135478f5-b53f-4960-b411-b93370dc45da</ID>
      <Author>Chrysalis</Author>
      <Link>https://forums.qhimm.com/</Link>
      <LatestVersion>
        <DownloadSize>1197</DownloadSize>
        <Link>iros://Url/http$chris.7thheaven.rocks/ESUI-Controller-Addon.7z</Link>
        <Link>iros://GDrive/1H-5RJmUsqVwIqmBDNpVZAV73PLSbhwq5</Link>
        <Version>1.08</Version>
        <ReleaseDate>2021-07-06T00:00:00</ReleaseDate>
        <CompatibleGameVersions>All</CompatibleGameVersions>
        <PreviewImage>https://i.imgur.com/taztZvt.png</PreviewImage>
        <ReleaseNotes />
      </LatestVersion>
      <MetaVersion>0</MetaVersion>
      <Name>ESUI Controller Addon</Name>
      <Description>Adds controller icons to game dialog. Not compatible with other Gameplay mods.</Description>
      <Category>Gameplay</Category>
      <SourceCatalogName>Qhimm Catalog</SourceCatalogName>
      <SourceCatalogUrl>iros://Url/http$qhimm.7thheaven.rocks/catalog</SourceCatalogUrl>
      <Tags>
        <string>Chrysalis</string>
        <string>MotR</string>
      </Tags>
    </Mod>
    <Mod>
      <ID>0b038238-8e3e-48a5-b56d-55a3fe0aa929</ID>
      <Author>Fewtch, Chrysalis, and the Qhimm Modding Community</Author>
      <Link>http://forums.qhimm.com/index.php?topic=19120.0</Link>
      <LatestVersion>
        <DownloadSize>20900</DownloadSize>
        <Link>iros://MegaSharedFolder/#F!Dp01CbzL!YOFIxqF72TUN-xtYJrh3bA,jxtCwCzY,FF7REMAKE_Menu.iro</Link>
        <Version>1.04</Version>
        <ReleaseDate>2020-04-07T00:00:00</ReleaseDate>
        <CompatibleGameVersions>All</CompatibleGameVersions>
        <PreviewImage>https://i.imgur.com/piuBuyy.png</PreviewImage>
        <ReleaseNotes />
      </LatestVersion>
      <MetaVersion>0</MetaVersion>
      <Name>FF7 Remake ESUI Theme</Name>
      <Description>FF7 Remake styled theme for ESUI. REQUIRES Enhanced Stock UI!</Description>
      <Category>User Interface</Category>
      <SourceCatalogName>Qhimm Catalog</SourceCatalogName>
      <SourceCatalogUrl>iros://Url/http$qhimm.7thheaven.rocks/catalog</SourceCatalogUrl>
      <Tags>
        <string>Chrysalis</string>
        <string>Fewtch</string>
        <string>MotR</string>
      </Tags>
    </Mod>
    <Mod>
      <ID>b6629e6b-4a35-4ea7-b837-ad9655d01cfe</ID>
      <Author>Kaldarasha</Author>
      <Link>https://www.nexusmods.com/finalfantasy7/mods/1/?tab=description</Link>
      <LatestVersion>
        <DownloadSize>8063</DownloadSize>
        <Link>iros://Url/http$motr.7thheaven.rocks/ChaOS/Rise-of-the-Black-Wolf.7z</Link>
        <Version>1.0</Version>
        <ReleaseDate>2019-05-18T00:00:00</ReleaseDate>
        <CompatibleGameVersions>All</CompatibleGameVersions>
        <PreviewImage>https://i.imgur.com/4r7pgKn.png</PreviewImage>
        <ReleaseNotes />
      </LatestVersion>
      <MetaVersion>0</MetaVersion>
      <Name>Rise of the Black Wolf</Name>
      <Description>Replaces Clouds model with a certain black haired 1st Class SOLDIER</Description>
      <Category>Battle Models</Category>
      <SourceCatalogName>Qhimm Catalog</SourceCatalogName>
      <SourceCatalogUrl>iros://Url/http$qhimm.7thheaven.rocks/catalog</SourceCatalogUrl>
      <Tags>
        <string>Kaldarasha</string>
        <string>Battle Models</string>
        <string>MotR</string>
      </Tags>
    </Mod>
    <Mod>
      <ID>e17f6212-2f51-4c51-b2e3-ca3bafcf2b6b</ID>
      <Author>unab0mb, Symphonic Remasters</Author>
      <Link>http://forums.qhimm.com/index.php?topic=20240.0</Link>
      <LatestVersion>
        <DownloadSize>519999</DownloadSize>
        <Link>iros://Url/http://7thheaven.rocks/releases/Symphonic_Remasters_Redux.iro</Link>
        <Version>2.0</Version>
        <ReleaseDate>2020-07-18T00:00:00</ReleaseDate>
        <CompatibleGameVersions>All</CompatibleGameVersions>
        <PreviewImage>https://i.imgur.com/n0H52S0.png</PreviewImage>
        <ReleaseNotes>A re-release of the Symphonic Remasters FF7 soundtrack with the overall volume levels now closely matching the game's OST, other volume/loop fixes, Loopstart only, on/off selection of individual tracks, reduced file size, and high-resolution intro/ending videos now with SFX. All made from the original lossless audio and packaged for 7th Heaven.</ReleaseNotes>
      </LatestVersion>
      <MetaVersion>0</MetaVersion>
      <Name>Symphonic Remasters: Redux</Name>
      <Description>Complete FF7 soundtrack replacement in a symphonic style. Thanks to Bonez for the artwork and Satsuki for video upscales! To hear the included intro/ending movies, place this mod above other movie mods. If other music mods include movies, disable the movies from the other mods if possible.</Description>
      <Category>Media</Category>
      <SourceCatalogName>Qhimm Catalog</SourceCatalogName>
      <SourceCatalogUrl>iros://Url/http$qhimm.7thheaven.rocks/catalog</SourceCatalogUrl>
      <Tags>
        <string>unab0mb</string>
        <string>Symphonic Remasters</string>
        <string>Music</string>
        <string>Media</string>
      </Tags>
    </Mod>
    <Mod>
      <ID>e4786c44-997e-4a29-b522-a4922aa4d457</ID>
      <Author>Qhimm Modding Community</Author>
      <Link>http://forums.qhimm.com/index.php?topic=15520.0</Link>
      <LatestVersion>
        <DownloadSize>211818</DownloadSize>
        <Link>iros://GDrive/1zSN3JoEUZdDCmVRILFnnmU0Llr7i5Wec</Link>
        <Link>iros://Url/http$qhimm.7thheaven.rocks/Catalog 3.0/Battle Models - 3.0.7z</Link>
        <Version>3.0</Version>
        <ReleaseDate>2020-03-03T00:00:00</ReleaseDate>
        <CompatibleGameVersions />
        <PreviewImage>https://i.imgur.com/3yLQDEk.png</PreviewImage>
        <ReleaseNotes>Added ninostyle models and updated to CHaOS 1.72-1.</ReleaseNotes>
      </LatestVersion>
      <MetaVersion>8</MetaVersion>
      <Name>Battle Models</Name>
      <Description>Various battle model options for characters, enemies and weapons.</Description>
      <Category>Battle Models</Category>
      <SourceCatalogName>Qhimm Catalog</SourceCatalogName>
      <SourceCatalogUrl>iros://Url/http$qhimm.7thheaven.rocks/catalog</SourceCatalogUrl>
      <Tags />
    </Mod>
    <Mod>
      <ID>b9315620-c927-4fcb-9c05-185783a8967e</ID>
      <Author>Qhimm Modding Community</Author>
      <Link>http://forums.qhimm.com/index.php?topic=15520.0</Link>
      <LatestVersion>
        <DownloadSize>1355832</DownloadSize>
        <Link>iros://GDrive/1ECEks_GFEGdJnoMILHvEAXEjCjXpoqm1</Link>
        <Link>iros://Url/http$qhimm.7thheaven.rocks/Catalog 3.0/Battle Textures - 3.0.iro</Link>
        <Version>3.0</Version>
        <ReleaseDate>2020-03-03T00:00:00</ReleaseDate>
        <CompatibleGameVersions />
        <PreviewImage>https://i.imgur.com/kVH2ug1.png</PreviewImage>
        <ReleaseNotes>Updated to SYW 3.17 and added Remako HD.</ReleaseNotes>
      </LatestVersion>
      <MetaVersion>17</MetaVersion>
      <Name>Battle Textures</Name>
      <Description>New upscales and new textures for the battle scenes.</Description>
      <Category>Battle Textures</Category>
      <SourceCatalogName>Qhimm Catalog</SourceCatalogName>
      <SourceCatalogUrl>iros://Url/http$qhimm.7thheaven.rocks/catalog</SourceCatalogUrl>
      <Tags />
    </Mod>
    <Mod>
      <ID>25cf73b9-873e-47a7-92c4-7a581d4707c9</ID>
      <Author>Qhimm Modding Community</Author>
      <Link>http://forums.qhimm.com/index.php?topic=15520.0</Link>
      <LatestVersion>
        <DownloadSize>278044</DownloadSize>
        <Link>iros://GDrive/1QUB_j2_k6k3X0gIU25TXksNaYvh8iaId</Link>
        <Link>iros://Url/http$qhimm.7thheaven.rocks/Catalog 3.0/Field Models - 3.0.7z</Link>
        <Version>3.0</Version>
        <ReleaseDate>2020-03-03T00:00:00</ReleaseDate>
        <CompatibleGameVersions />
        <PreviewImage>https://i.imgur.com/ASHS6ge.png</PreviewImage>
        <ReleaseNotes>Added ninostyle models, dynamic weapons for every Cloud model, CHaOS 1.72-1 and Kaldarasha's Resize Project [beta].</ReleaseNotes>
      </LatestVersion>
      <MetaVersion>11</MetaVersion>
      <Name>Field Models</Name>
      <Description>Various field model options for player characters, non-player characters, enemies, objects and dynamic weapons.</Description>
      <Category>Field Models</Category>
      <SourceCatalogName>Qhimm Catalog</SourceCatalogName>
      <SourceCatalogUrl>iros://Url/http$qhimm.7thheaven.rocks/catalog</SourceCatalogUrl>
      <Tags />
    </Mod>
    <Mod>
      <ID>ff3eb6c3-5f61-43e0-afd2-2f32685cc6eb</ID>
      <Author>Qhimm Modding Community</Author>
      <Link>http://forums.qhimm.com/index.php?topic=15520.0</Link>
      <LatestVersion>
        <DownloadSize>8875549</DownloadSize>
        <Link>iros://GDrive/1oZ7vzamb8Cdcg1vT46u-5zQl__v-1yfZ</Link>
        <Link>iros://Url/http$qhimm.7thheaven.rocks/Catalog 3.0/Field Textures - 3.0.iro</Link>
        <Version>3.0</Version>
        <ReleaseDate>2020-03-03T00:00:00</ReleaseDate>
        <CompatibleGameVersions />
        <PreviewImage>https://i.imgur.com/1qsmYf9.png</PreviewImage>
        <ReleaseNotes>Updated to SYW V4 and added Remako HD. Removed all other previous options (saved a HUGE amount of download bandwidth).</ReleaseNotes>
      </LatestVersion>
      <MetaVersion>10</MetaVersion>
      <Name>Field Textures</Name>
      <Description>Various options for upscaled field textures. New field textures can be found in the Miscellaneous category since all projects are currently a WIP. When completed, they will be moved here. Until then, load them ABOVE this category to use alongside these upscaled textures.</Description>
      <Category>Field Textures</Category>
      <SourceCatalogName>Qhimm Catalog</SourceCatalogName>
      <SourceCatalogUrl>iros://Url/http$qhimm.7thheaven.rocks/catalog</SourceCatalogUrl>
      <Tags />
    </Mod>
    <Mod>
      <ID>ace21ed7-9e32-4782-b397-1ce937bf3507</ID>
      <Author>Qhimm Modding Community</Author>
      <Link>http://forums.qhimm.com/index.php?topic=15520.0</Link>
      <LatestVersion>
        <DownloadSize>34624</DownloadSize>
        <Link>iros://GDrive/1k4CYwyM0EW0LXmQNaSBTfN7sDrH6UmFn</Link>
        <Link>iros://Url/http$qhimm.7thheaven.rocks/Catalog 3.0/Gameplay - 3.0.7z</Link>
        <Version>3.0</Version>
        <ReleaseDate>2020-03-03T00:00:00</ReleaseDate>
        <CompatibleGameVersions />
        <PreviewImage>https://i.imgur.com/TB9ADpa.png</PreviewImage>
        <ReleaseNotes>Updated to the latest New Threat 1.5 [December 30, 2019], added New Threat 1.5 [Vanilla Combat] and Scavenger.</ReleaseNotes>
      </LatestVersion>
      <MetaVersion>10</MetaVersion>
      <Name>Gameplay</Name>
      <Description>Mods that change the dialogue and difficulty, as well as various tweaks and cheat options.</Description>
      <Category>Gameplay</Category>
      <SourceCatalogName>Qhimm Catalog</SourceCatalogName>
      <SourceCatalogUrl>iros://Url/http$qhimm.7thheaven.rocks/catalog</SourceCatalogUrl>
      <Tags />
    </Mod>
    <Mod>
      <ID>fe3a9938-8083-4201-9f52-dd1e3eaba28c</ID>
      <Author>Qhimm Modding Community</Author>
      <Link>http://forums.qhimm.com/index.php?topic=15520.0</Link>
      <LatestVersion>
        <DownloadSize>7203628</DownloadSize>
        <Link>iros://GDrive/qepmhiD9PhgqNWzvXJXVA9CjG5a8Jq4</Link>
        <Link>iros://Url/http$qhimm.7thheaven.rocks/Catalog 3.0/Media - 3.0.iro</Link>
        <Version>3.0</Version>
        <ReleaseDate>2020-03-03T00:00:00</ReleaseDate>
        <CompatibleGameVersions />
        <PreviewImage>https://i.imgur.com/TxUISvm.png</PreviewImage>
        <ReleaseNotes>Updated to SYW V4, removed some inferior movie options (saves a TON of space) and added the Arranged Soundtrack.</ReleaseNotes>
      </LatestVersion>
      <MetaVersion>11</MetaVersion>
      <Name>Media</Name>
      <Description>Various options for the movies, music and sound.</Description>
      <Category>Media</Category>
      <SourceCatalogName>Qhimm Catalog</SourceCatalogName>
      <SourceCatalogUrl>iros://Url/http$qhimm.7thheaven.rocks/catalog</SourceCatalogUrl>
      <Tags />
    </Mod>
    <Mod>
      <ID>fae201ee-9fa5-4163-ab56-2b478111449d</ID>
      <Author>Qhimm Modding Community</Author>
      <Link>http://forums.qhimm.com/index.php?topic=15520.0</Link>
      <LatestVersion>
        <DownloadSize>69339</DownloadSize>
        <Link>iros://GDrive/1e_koUicEyXrDhmLUM6GF2IvprM-1j-eE</Link>
        <Link>iros://Url/http$qhimm.7thheaven.rocks/Catalog 3.0/Minigames - 3.0.7z</Link>
        <Version>3.0</Version>
        <ReleaseDate>2020-03-03T00:00:00</ReleaseDate>
        <CompatibleGameVersions />
        <PreviewImage>https://i.imgur.com/XZ60G0I.png</PreviewImage>
        <ReleaseNotes>Added ninostyle models and Grimmy textures.</ReleaseNotes>
      </LatestVersion>
      <MetaVersion>10</MetaVersion>
      <Name>Minigames</Name>
      <Description>Various options that change or tweak the minigames.</Description>
      <Category>Minigames</Category>
      <SourceCatalogName>Qhimm Catalog</SourceCatalogName>
      <SourceCatalogUrl>iros://Url/http$qhimm.7thheaven.rocks/catalog</SourceCatalogUrl>
      <Tags />
    </Mod>
    <Mod>
      <ID>c0f4e84d-cf4e-49a9-bd61-b3f1f91d7a86</ID>
      <Author>Qhimm Modding Community</Author>
      <Link>http://forums.qhimm.com/index.php?topic=15520.0</Link>
      <LatestVersion>
        <DownloadSize>776677</DownloadSize>
        <Link>iros://GDrive/1BNqjFDI_jGO46nssWNz3Xg90KjHJot92</Link>
        <Link>iros://Url/http$qhimm.7thheaven.rocks/Catalog 3.0/Miscellaneous - 3.0.iro</Link>
        <Version>3.0</Version>
        <ReleaseDate>2020-03-03T00:00:00</ReleaseDate>
        <CompatibleGameVersions />
        <PreviewImage>https://i.imgur.com/ApcolSV.png</PreviewImage>
        <ReleaseNotes>Added the Jessie Mod Patch by Sega Chief.</ReleaseNotes>
      </LatestVersion>
      <MetaVersion>9</MetaVersion>
      <Name>Miscellaneous</Name>
      <Description>Various small or unfinished mods that don't fit a specific category.</Description>
      <Category>Miscellaneous</Category>
      <SourceCatalogName>Qhimm Catalog</SourceCatalogName>
      <SourceCatalogUrl>iros://Url/http$qhimm.7thheaven.rocks/catalog</SourceCatalogUrl>
      <Tags />
    </Mod>
    <Mod>
      <ID>702dcfdb-70c1-48c4-95e7-a13413855e25</ID>
      <Author>Qhimm Modding Community</Author>
      <Link>http://forums.qhimm.com/index.php?topic=15520.0</Link>
      <LatestVersion>
        <DownloadSize>1069333</DownloadSize>
        <Link>iros://GDrive/1lhs1JMzsYK50jcq-LA74DR9lkCQMY5F1</Link>
        <Link>iros://Url/http$qhimm.7thheaven.rocks/Catalog 3.0/Spell Textures - 3.1.7z</Link>
        <Version>3.1</Version>
        <ReleaseDate>2020-03-07T00:00:00</ReleaseDate>
        <CompatibleGameVersions />
        <PreviewImage>https://i.imgur.com/8nP5YOv.png</PreviewImage>
        <ReleaseNotes>Limit textures should now properly load. New previews added.</ReleaseNotes>
      </LatestVersion>
      <MetaVersion>8</MetaVersion>
      <Name>Spell Textures</Name>
      <Description>Textures for magic, summons, enemy skills and items.</Description>
      <Category>Spell Textures</Category>
      <SourceCatalogName>Qhimm Catalog</SourceCatalogName>
      <SourceCatalogUrl>iros://Url/http$qhimm.7thheaven.rocks/catalog</SourceCatalogUrl>
      <Tags />
    </Mod>
    <Mod>
      <ID>d7fbbf75-2ff7-42f2-bbda-815fb92598a0</ID>
      <Author>Qhimm Modding Community</Author>
      <Link>http://forums.qhimm.com/index.php?topic=15520.0</Link>
      <LatestVersion>
        <DownloadSize>103498</DownloadSize>
        <Link>iros://GDrive/12R0RLVHjw1RKHD4QUgnfd6ATF4ykdIh0</Link>
        <Link>iros://Url/http$qhimm.7thheaven.rocks/Catalog 3.0/User Interface - 3.0.7z</Link>
        <Version>3.0</Version>
        <ReleaseDate>2020-03-03T00:00:00</ReleaseDate>
        <CompatibleGameVersions />
        <PreviewImage>https://i.imgur.com/qqGS5jg.png</PreviewImage>
        <ReleaseNotes>Added new and more simplified options for Enhanced Stock UI.</ReleaseNotes>
      </LatestVersion>
      <MetaVersion>10</MetaVersion>
      <Name>User Interface</Name>
      <Description>Various enhancements to the original user interface.</Description>
      <Category>User Interface</Category>
      <SourceCatalogName>Qhimm Catalog</SourceCatalogName>
      <SourceCatalogUrl>iros://Url/http$qhimm.7thheaven.rocks/catalog</SourceCatalogUrl>
      <Tags />
    </Mod>
    <Mod>
      <ID>3365b425-2391-4cc2-ba02-fef3437eba71</ID>
      <Author>Qhimm Modding Community</Author>
      <Link>http://forums.qhimm.com/index.php?topic=15520.0</Link>
      <LatestVersion>
        <DownloadSize>41402</DownloadSize>
        <Link>iros://GDrive/11ZN6umzKk6L0v4asrZr63tSbJ_FltNFn</Link>
        <Link>iros://Url/http$qhimm.7thheaven.rocks/Catalog 3.0/World Models - 3.0.7z</Link>
        <Version>3.0</Version>
        <ReleaseDate>2020-03-03T00:00:00</ReleaseDate>
        <CompatibleGameVersions />
        <PreviewImage>https://i.imgur.com/XKJjLXy.png</PreviewImage>
        <ReleaseNotes>Added ninostyle models and CHaOS 1.72-1.</ReleaseNotes>
      </LatestVersion>
      <MetaVersion>9</MetaVersion>
      <Name>World Models</Name>
      <Description>Various world model options for characters, enemies and vehicles.</Description>
      <Category>World Models</Category>
      <SourceCatalogName>Qhimm Catalog</SourceCatalogName>
      <SourceCatalogUrl>iros://Url/http$qhimm.7thheaven.rocks/catalog</SourceCatalogUrl>
      <Tags />
    </Mod>
    <Mod>
      <ID>00583ff5-d5b8-4efa-9678-8e319574839e</ID>
      <Author>Qhimm Modding Community</Author>
      <Link>http://forums.qhimm.com/index.php?topic=15520.0</Link>
      <LatestVersion>
        <DownloadSize>174297</DownloadSize>
        <Link>iros://GDrive/13As5ZVnswKSFErnACY0DpVrVL1Gc9zZR</Link>
        <Link>iros://Url/http$qhimm.7thheaven.rocks/Catalog 3.0/World Textures - 3.0.iro</Link>
        <Version>3.0</Version>
        <ReleaseDate>2020-03-03T00:00:00</ReleaseDate>
        <CompatibleGameVersions />
        <PreviewImage>https://i.imgur.com/PzUQBCs.png</PreviewImage>
        <ReleaseNotes>Updated to SYW V4 and added Remako HD.</ReleaseNotes>
      </LatestVersion>
      <MetaVersion>10</MetaVersion>
      <Name>World Textures</Name>
      <Description>New upscales and new textures for the world.</Description>
      <Category>World Textures</Category>
      <SourceCatalogName>Qhimm Catalog</SourceCatalogName>
      <SourceCatalogUrl>iros://Url/http$qhimm.7thheaven.rocks/catalog</SourceCatalogUrl>
      <Tags />
    </Mod>
    <Mod>
      <ID>efc4bc61-7f80-4635-b583-f52c5c9d239f</ID>
      <Author>Sega Chief</Author>
      <Link>http://forums.qhimm.com/index.php?topic=14938.0</Link>
      <LatestVersion>
        <DownloadSize>35000</DownloadSize>
        <Link>iros://GDrive/1gO5-QRFEmB3gb1YcXypeSDNLmwkvgNnO</Link>
        <Version>2.0991</Version>
        <ReleaseDate>2021-06-08T00:00:00</ReleaseDate>
        <CompatibleGameVersions>All</CompatibleGameVersions>
        <PreviewImage>https://i.imgur.com/Yq1luvw.png</PreviewImage>
        <ReleaseNotes />
      </LatestVersion>
      <MetaVersion>0</MetaVersion>
      <Name>New Threat 2.0</Name>
      <Description>An extensive gameplay rebalance and content mod.</Description>
      <Category>Gameplay</Category>
      <SourceCatalogName>Sega Catalog</SourceCatalogName>
      <SourceCatalogUrl>iros://Url/http$pastebin.com/raw.php?i=vXc4PpBS</SourceCatalogUrl>
      <Tags>
        <string>Gameplay</string>
      </Tags>
    </Mod>
    <Mod>
      <ID>debe4027-3b07-4fab-a45b-d7acb444973a</ID>
      <Author>Sega Chief</Author>
      <Link>http://forums.qhimm.com/index.php?topic=14938.0</Link>
      <LatestVersion>
        <DownloadSize>20000</DownloadSize>
        <Link>iros://GDrive/1_WaB2EXFw8Aa-xzIX3eea_tV_dtEqJeR</Link>
        <Version>1.51</Version>
        <ReleaseDate>2020-07-28T00:00:00</ReleaseDate>
        <CompatibleGameVersions>All</CompatibleGameVersions>
        <PreviewImage>https://i.imgur.com/ctPek1l.jpg</PreviewImage>
        <ReleaseNotes />
      </LatestVersion>
      <MetaVersion>0</MetaVersion>
      <Name>New Threat 1.5</Name>
      <Description>An extensive gameplay rebalance and content mod.</Description>
      <Category>Gameplay</Category>
      <SourceCatalogName>Sega Catalog</SourceCatalogName>
      <SourceCatalogUrl>iros://Url/http$pastebin.com/raw.php?i=vXc4PpBS</SourceCatalogUrl>
      <Tags>
        <string>Gameplay</string>
      </Tags>
    </Mod>
    <Mod>
      <ID>1c79292b-bbeb-429b-aea6-07b7c825ff86</ID>
      <Author>Sega Chief</Author>
      <Link>http://forums.qhimm.com/index.php?topic=14938.0</Link>
      <LatestVersion>
        <DownloadSize>14000</DownloadSize>
        <Link>iros://GDrive/11LDcUMZmgjkBObFmOAoddcjBH3lIAaUj</Link>
        <Version>1.51</Version>
        <ReleaseDate>2020-07-28T00:00:00</ReleaseDate>
        <CompatibleGameVersions>All</CompatibleGameVersions>
        <PreviewImage>https://i.imgur.com/ctPek1l.jpg</PreviewImage>
        <ReleaseNotes />
      </LatestVersion>
      <MetaVersion>0</MetaVersion>
      <Name>New Threat Vanilla Combat</Name>
      <Description>New Threat mod but with vanilla enemies and character balancing</Description>
      <Category>Gameplay</Category>
      <SourceCatalogName>Sega Catalog</SourceCatalogName>
      <SourceCatalogUrl>iros://Url/http$pastebin.com/raw.php?i=vXc4PpBS</SourceCatalogUrl>
      <Tags>
        <string>Gameplay</string>
      </Tags>
    </Mod>
    <Mod>
      <ID>0d386420-d581-4ea6-a4cf-5dbe5e6fbaa5</ID>
      <Author>Sega Chief</Author>
      <Link>http://forums.qhimm.com/index.php?topic=17008.0</Link>
      <LatestVersion>
        <DownloadSize>1440</DownloadSize>
        <Link>iros://GDrive/1IXYoK1B75dezh-f9djdr9Zk3Fiw2ESZA</Link>
        <Version>1.21</Version>
        <ReleaseDate>2021-01-14T00:00:00</ReleaseDate>
        <CompatibleGameVersions>All</CompatibleGameVersions>
        <PreviewImage>https://i.imgur.com/MqJ5lGO.png</PreviewImage>
        <ReleaseNotes />
      </LatestVersion>
      <MetaVersion>0</MetaVersion>
      <Name>True Necrosis</Name>
      <Description>Challenge Mod: Start with 9999HP/MP but no way to recover it!</Description>
      <Category>Gameplay</Category>
      <SourceCatalogName>Sega Catalog</SourceCatalogName>
      <SourceCatalogUrl>iros://Url/http$pastebin.com/raw.php?i=vXc4PpBS</SourceCatalogUrl>
      <Tags>
        <string>Gameplay</string>
      </Tags>
    </Mod>
    <Mod>
      <ID>5e2792c8-14a6-4e31-b583-5f38133aa9bb</ID>
      <Author>Sega Chief</Author>
      <Link>http://forums.qhimm.com/index.php?topic=15155.0</Link>
      <LatestVersion>
        <DownloadSize>500</DownloadSize>
        <Link>iros://GDrive/1D_fWLx7dkeR7vZOiltxX8xkANl9UA_vL</Link>
        <Version>1.01</Version>
        <ReleaseDate>2014-04-18T00:00:00</ReleaseDate>
        <CompatibleGameVersions>All</CompatibleGameVersions>
        <PreviewImage>https://i.imgur.com/9WXItJa.png</PreviewImage>
        <ReleaseNotes />
      </LatestVersion>
      <MetaVersion>0</MetaVersion>
      <Name>Lv1 Challenge</Name>
      <Description>Challenge Mod: Beat the game with a Lv.1 Party</Description>
      <Category>Gameplay</Category>
      <SourceCatalogName>Sega Catalog</SourceCatalogName>
      <SourceCatalogUrl>iros://Url/http$pastebin.com/raw.php?i=vXc4PpBS</SourceCatalogUrl>
      <Tags>
        <string>Gameplay</string>
      </Tags>
    </Mod>
    <Mod>
      <ID>f109d541-9de5-43fc-922f-9d92ed8fb322</ID>
      <Author>Sega Chief</Author>
      <Link>http://forums.qhimm.com/index.php?topic=14425.0</Link>
      <LatestVersion>
        <DownloadSize>500</DownloadSize>
        <Link>iros://GDrive/1Pt5AM_Kd9_XgUqBx703PJ3JE1ehd7sAS</Link>
        <Version>1.01</Version>
        <ReleaseDate>2020-05-24T00:00:00</ReleaseDate>
        <CompatibleGameVersions>All</CompatibleGameVersions>
        <PreviewImage>https://i.imgur.com/Tx0N5Wp.png</PreviewImage>
        <ReleaseNotes />
      </LatestVersion>
      <MetaVersion>0</MetaVersion>
      <Name>Mouth Texture Replacer</Name>
      <Description>Removes or replaces the O mouths of default Field Model NPCs</Description>
      <Category>Field Models</Category>
      <SourceCatalogName>Sega Catalog</SourceCatalogName>
      <SourceCatalogUrl>iros://Url/http$pastebin.com/raw.php?i=vXc4PpBS</SourceCatalogUrl>
      <Tags>
        <string>Field Models</string>
      </Tags>
    </Mod>
    <Mod>
      <ID>fd337dbc-5c77-4031-b06e-afadf78ecd2c</ID>
      <Author>Sega Chief</Author>
      <Link>http://forums.qhimm.com/index.php?topic=14425.0</Link>
      <LatestVersion>
        <DownloadSize>3600</DownloadSize>
        <Link>iros://GDrive/1Vz1uzWSa8xUnH2MG8PQxRbu0FvHBeCAw</Link>
        <Version>1.01</Version>
        <ReleaseDate>2020-06-25T00:00:00</ReleaseDate>
        <CompatibleGameVersions>All</CompatibleGameVersions>
        <PreviewImage>https://i.imgur.com/hAESdnj.png</PreviewImage>
        <ReleaseNotes />
      </LatestVersion>
      <MetaVersion>0</MetaVersion>
      <Name>Battle Model Swaps OG style</Name>
      <Description>A series of costume/model swaps for battle models using the Original Game style (shaded polygons)</Description>
      <Category>Battle Models</Category>
      <SourceCatalogName>Sega Catalog</SourceCatalogName>
      <SourceCatalogUrl>iros://Url/http$pastebin.com/raw.php?i=vXc4PpBS</SourceCatalogUrl>
      <Tags>
        <string>Graphics</string>
        <string>Battle Models</string>
      </Tags>
    </Mod>
  </Mods>
</Catalog>