<?xml version="1.0" encoding="utf-8" ?>
<ConfigSpec xmlns:xsi="http://www.w3.org/2001/XMLSchema-instance" xmlns:xsd="http://www.w3.org/2001/XMLSchema">

  <!-- GRAPHICS TAB -->
  <Setting xsi:type="DropDown">
    <Group>Graphics</Group>
    <Name>Graphics API</Name>
    <Description>Sets Rendering Software. Auto determines the best choice based on your GPU. Crashes may occur using OpenGL with AMD cards.</Description>
    <DefaultValue>renderer_backend = 0</DefaultValue>
    <Option>
      <Text>Auto</Text>
      <Settings>renderer_backend = 0</Settings>
    </Option>
    <Option>
      <Text>OpenGL</Text>
      <Settings>renderer_backend = 1</Settings>
    </Option>
    <Option>
      <Text>DirectX 9 ( Experimental )</Text>
      <Settings>renderer_backend = 2</Settings>
    </Option>
    <Option>
      <Text>DirectX 11</Text>
      <Settings>renderer_backend = 3</Settings>
    </Option>
    <Option>
      <Text>DirectX 12</Text>
      <Settings>renderer_backend = 4</Settings>
    </Option>
    <Option>
      <Text>Vulkan</Text>
      <Settings>renderer_backend = 5</Settings>
    </Option>
  </Setting>

  <Setting xsi:type="DropDown">
    <Group>Graphics</Group>
    <Name>Resolution</Name>
    <Description>Sets the window size for the game. Auto uses game resolution in windowed mode or current desktop resolution in fullscreen mode.</Description>
    <DefaultValue>window_size_x = 1280,window_size_y = 720</DefaultValue>
    <Option>
      <Text>Auto</Text>
      <Settings>window_size_x = 0,window_size_y = 0</Settings>
    </Option>
  </Setting>

  <Setting xsi:type="DropDown">
    <Group>Graphics</Group>
    <Name>Window Mode</Name>
    <Description>Display the game in either a standard window, or borderless fullscreen.</Description>
    <DefaultValue>fullscreen = false</DefaultValue>
    <Option>
      <Text>Windowed</Text>
      <Settings>fullscreen = false</Settings>
    </Option>
    <Option>
      <Text>Fullscreen</Text>
      <Settings>fullscreen = true</Settings>
    </Option>
  </Setting>

  <Setting xsi:type="DropDown">
    <Group>Graphics</Group>
    <Name>Aspect Ratio</Name>
    <Description>Preserve aspect ratio adds black borders as needed to preserve a 4:3 aspect ratio.</Description>
    <DefaultValue>preserve_aspect = true</DefaultValue>
    <Option>
      <Text>Native (4:3)</Text>
      <Settings>preserve_aspect = true</Settings>
    </Option>
    <Option>
      <Text>Stretch to Fill</Text>
      <Settings>preserve_aspect = false</Settings>
    </Option>
  </Setting>

  <Setting xsi:type="DropDown">
    <Group>Graphics</Group>
    <Name>Antialiasing</Name>
    <Description>Applies 2x/4x/8x/16x MSAA filtering. Reduces jagged edges and improves image quality. Can severely impact performance.</Description>
    <DefaultValue>enable_antialiasing = 0</DefaultValue>
    <Option>
      <Text>Off</Text>
      <Settings>enable_antialiasing = 0</Settings>
    </Option>
    <Option>
      <Text>2x MSAA</Text>
      <Settings>enable_antialiasing = 2</Settings>
    </Option>
    <Option>
      <Text>4x MSAA</Text>
      <Settings>enable_antialiasing = 4</Settings>
    </Option>
    <Option>
      <Text>8x MSAA</Text>
      <Settings>enable_antialiasing = 8</Settings>
    </Option>
    <Option>
      <Text>16x MSAA</Text>
      <Settings>enable_antialiasing = 16</Settings>
    </Option>
  </Setting>

  <Setting xsi:type="Checkbox">
    <Group>Graphics</Group>
    <Name>Anisotropic Filtering</Name>
    <Description>Applies a filter to high resolution textures producing a sharper image. Can impact performance due to increased memory usage</Description>
    <DefaultValue>enable_anisotropic = true</DefaultValue>
    <TrueSetting>enable_anisotropic = true</TrueSetting>
    <FalseSetting>enable_anisotropic = false</FalseSetting>
  </Setting>

  <Setting xsi:type="Checkbox">
    <Group>Graphics</Group>
    <Name>Vertical Sync</Name>
    <Description>Sync the frame rate of the game with the monitor refresh rate. May negatively impact performance or break 60 fps mods. Turn on if you experience screen tearing. *Limits Speed Hack!*</Description>
    <DefaultValue>enable_vsync = false</DefaultValue>
    <TrueSetting>enable_vsync = true</TrueSetting>
    <FalseSetting>enable_vsync = false</FalseSetting>
  </Setting>

  <!-- CHEATS TAB -->
  <Setting xsi:type="DropDown">
    <Group>Cheats</Group>
    <Name>Random Battles</Name>
    <Description>Not configurable. Toggle on/off random battle encounters while playing the game.{0}Usage: CTRL+B or L3+R3</Description>
    <DefaultValue></DefaultValue>
    <Option>
      <Text>See Description</Text>
      <Settings></Settings>
    </Option>
  </Setting>

  <Setting xsi:type="DropDown">
    <Group>Cheats</Group>
    <Name>Skip Movies</Name>
    <Description>Not configurable. Immediately skips to end of a movie.{0}Usage: CTRL+S or Select+Start</Description>
    <DefaultValue></DefaultValue>
    <Option>
      <Text>See Description</Text>
      <Settings></Settings>
    </Option>
  </Setting>
  
  <Setting xsi:type="DropDown">
    <Group>Cheats</Group>
    <Name>Soft Reset</Name>
    <Description>Not configurable. Quickly reset the game with a game over.{0}Usage: CTRL+R or L1+L2+R1+R2+Select+Start</Description>
    <DefaultValue></DefaultValue>
    <Option>
      <Text>See Description</Text>
      <Settings></Settings>
    </Option>
  </Setting>

  <Setting xsi:type="DropDown">
    <Group>Cheats</Group>
    <Name>Speed Hack Stepping</Name>
    <Description>Amount to increase or decrease speed on each trigger.{0}Usage: CTRL+Up/Down or L2+R2+Up/Down to change speed, CTRL+Left/Right or L2+R2+Left/Right to turn on/off.</Description>
    <DefaultValue>speedhack_step = 0.5</DefaultValue>
    <Option>
      <Text>0.5</Text>
      <Settings>speedhack_step = 0.5</Settings>
    </Option>
    <Option>
      <Text>1.0</Text>
      <Settings>speedhack_step = 1.0</Settings>
    </Option>
    <Option>
      <Text>2.0</Text>
      <Settings>speedhack_step = 2.0</Settings>
    </Option>
  </Setting>

  <Setting xsi:type="DropDown">
    <Group>Cheats</Group>
    <Name>Speed Hack Max</Name>
    <Description>The maximum speed to set before cycling back to normal speed.</Description>
    <DefaultValue>speedhack_max = 8.0</DefaultValue>
    <Option>
      <Text>2x</Text>
      <Settings>speedhack_max = 2.0</Settings>
    </Option>
    <Option>
      <Text>4x</Text>
      <Settings>speedhack_max = 4.0</Settings>
    </Option>
    <Option>
      <Text>6x</Text>
      <Settings>speedhack_max = 6.0</Settings>
    </Option>
    <Option>
      <Text>8x</Text>
      <Settings>speedhack_max = 8.0</Settings>
    </Option>
    <Option>
      <Text>10x</Text>
      <Settings>speedhack_max = 10.0</Settings>
    </Option>
    <Option>
      <Text>12x</Text>
      <Settings>speedhack_max = 12.0</Settings>
    </Option>
  </Setting>

  <!-- ADVANCED TAB -->
  <Setting xsi:type="DropDown">
    <Group>Advanced</Group>
    <Name>Music Option</Name>
    <Description>Use VGMStream to play OGG Vorbis high-quality music. Required for music mods. Otherwise, standard MIDI is used.</Description>
    <DefaultValue>use_external_music = false</DefaultValue>
    <Option>
      <Text>VGMStream (Recommended)</Text>
      <Settings>use_external_music = true</Settings>
    </Option>
    <Option>
      <Text>Original MIDI</Text>
      <Settings>use_external_music = false</Settings>
    </Option>
  </Setting>

  <Setting xsi:type="DropDown">
    <Group>Advanced</Group>
    <Name>SFX Option</Name>
    <Description>Use VGMStream to play OGG Vorbis high-quality SFX effects. Required for SFX mods. Otherwise, native audio.dat is used.</Description>
    <DefaultValue>use_external_sfx = false</DefaultValue>
    <Option>
      <Text>VGMStream (Recommended)</Text>
      <Settings>use_external_sfx = true</Settings>
    </Option>
    <Option>
      <Text>Original audio.dat</Text>
      <Settings>use_external_sfx = false</Settings>
    </Option>
  </Setting>

  <Setting xsi:type="DropDown">
    <Group>Advanced</Group>
    <Name>Movie Option</Name>
    <Description>Use FFMPEG for in-game movies (FMVs) playback. Or, use original renderer, which may not support as many movie codecs.</Description>
    <DefaultValue>enable_ffmpeg_videos = 1</DefaultValue>
    <Option>
      <Text>Autodetect (Recommended)</Text>
      <Settings>enable_ffmpeg_videos = -1</Settings>
    </Option>
    <Option>
      <Text>FFMPEG</Text>
      <Settings>enable_ffmpeg_videos = 1</Settings>
    </Option>
    <Option>
      <Text>Original Renderer</Text>
      <Settings>enable_ffmpeg_videos = 0</Settings>
    </Option>
  </Setting>

  <Setting xsi:type="Checkbox">
    <Group>Advanced</Group>
    <Name>Animated Textures</Name>
    <Description>Enable support for high quality animated textures. NOTE: This feature requires a MODERN CPU. If you notice slowdows, please DISABLE this flag.</Description>
    <DefaultValue>enable_animated_textures = false</DefaultValue>
    <TrueSetting>enable_animated_textures = true</TrueSetting>
    <FalseSetting>enable_animated_textures = false</FalseSetting>
  </Setting>
  
  <Setting xsi:type="Checkbox">
    <Group>Advanced</Group>
    <Name>Show Debug Info</Name>
    <Description>Displays realtime information about the rendering process/performance on an overlay or in the title bar.</Description>
    <DefaultValue>show_stats = false</DefaultValue>
    <TrueSetting>show_stats = true</TrueSetting>
    <FalseSetting>show_stats = false</FalseSetting>
  </Setting>

  <Setting xsi:type="Checkbox">
    <Group>Advanced</Group>
    <Name>Show Driver Version</Name>
    <Description>Displays the currently used driver version on an overlay or in the title bar.</Description>
    <DefaultValue>show_version = false</DefaultValue>
    <TrueSetting>show_version = true</TrueSetting>
    <FalseSetting>show_version = false</FalseSetting>
  </Setting>

  <Setting xsi:type="Checkbox">
    <Group>Advanced</Group>
    <Name>Show FPS</Name>
    <Description>Displays the current Frames Per Second on an overlay or in the title bar.</Description>
    <DefaultValue>show_fps = false</DefaultValue>
    <TrueSetting>show_fps = true</TrueSetting>
    <FalseSetting>show_fps = false</FalseSetting>
  </Setting>

  <Setting xsi:type="Checkbox">
    <Group>Advanced</Group>
    <Name>Show Graphics API</Name>
    <Description>Displays the currently used Graphics API (OpenGL/DirectX11) on an overlay or in the title bar.</Description>
    <DefaultValue>show_renderer_backend = false</DefaultValue>
    <TrueSetting>show_renderer_backend = true</TrueSetting>
    <FalseSetting>show_renderer_backend = false</FalseSetting>
  </Setting>

</ConfigSpec>
