<?xml version="1.0"?>
<ImageCacheData xmlns:xsi="http://www.w3.org/2001/XMLSchema-instance" xmlns:xsd="http://www.w3.org/2001/XMLSchema">
  <Entries>
    <ImageCacheEntry>
      <Url>iros://Preview/Auto/0487ed29-510a-43bb-99b2-a612d7df8d01_Preview_Phoenix Tail.png</Url>
      <File>847dcb630</File>
      <Updated>2021-10-25T22:59:02.7502401+01:00</Updated>
    </ImageCacheEntry>
    <ImageCacheEntry>
      <Url>iros://Preview/Auto/2b49d831-6556-41df-9ddb-d1a6e937f548_ESUI_NEW.png</Url>
      <File>ca0cd46b0</File>
      <Updated>2021-10-25T23:00:07.5221176+01:00</Updated>
    </ImageCacheEntry>
    <ImageCacheEntry>
      <Url>iros://Preview/Auto/50000000-5555-ff75-5775-630000000005_preview.jpg</Url>
      <File>60b22d070</File>
      <Updated>2021-10-25T22:59:05.6191138+01:00</Updated>
    </ImageCacheEntry>
    <ImageCacheEntry>
      <Url>iros://Preview/Auto/8c1020f8-562c-4a1e-87ab-dd328c0aa567_Media.png</Url>
      <File>261141960</File>
      <Updated>2021-10-25T22:59:05.6731157+01:00</Updated>
    </ImageCacheEntry>
    <ImageCacheEntry>
      <Url>iros://Preview/Auto/c33191b1-439d-4536-9c70-cc5f6957dfa2_AVALANCHE ARISEN.png</Url>
      <File>f3778d5f0</File>
      <Updated>2021-10-25T22:59:05.8241913+01:00</Updated>
    </ImageCacheEntry>
    <ImageCacheEntry>
      <Url>iros://Preview/Auto/ed5a8c57-56bf-4cf1-acfa-8e5347f27463_Preview_TSM Arranged.png</Url>
      <File>5cdfea0a0</File>
      <Updated>2021-10-25T22:59:05.9933552+01:00</Updated>
    </ImageCacheEntry>
    <ImageCacheEntry>
      <Url>https://i.imgur.com/enIrc2d.png</Url>
      <File>289028281</File>
      <Updated>2021-10-25T22:59:07.8240859+01:00</Updated>
    </ImageCacheEntry>
    <ImageCacheEntry>
      <Url>iros://Preview/Auto/148d3e31-a403-429a-b1d0-c61bc07a1853_preview.png</Url>
      <File>7bd3eed10</File>
      <Updated>2021-10-25T22:59:33.6139347+01:00</Updated>
    </ImageCacheEntry>
    <ImageCacheEntry>
      <Url>https://imgur.com/keudmWY.png</Url>
      <File>35187b5b0</File>
      <Updated>2021-10-25T22:59:49.6028088+01:00</Updated>
    </ImageCacheEntry>
    <ImageCacheEntry>
      <Url>https://i.imgur.com/n4vnSx0.png</Url>
      <File>26a6461d0</File>
      <Updated>2021-10-25T22:59:54.7952817+01:00</Updated>
    </ImageCacheEntry>
    <ImageCacheEntry>
      <Url>https://i.imgur.com/kVH2ug1.png</Url>
      <File>d562830b0</File>
      <Updated>2021-10-25T23:00:10.9065852+01:00</Updated>
    </ImageCacheEntry>
    <ImageCacheEntry>
      <Url>https://i.imgur.com/ctPek1l.jpg</Url>
      <File>2652bc630</File>
      <Updated>2021-10-25T23:00:12.6966381+01:00</Updated>
    </ImageCacheEntry>
    <ImageCacheEntry>
      <Url>iros://Preview/Auto/debe4027-3b07-4fab-a45b-d7acb444973a_nt_preview.png</Url>
      <File>3ae66ce20</File>
      <Updated>2021-10-25T23:00:22.5544629+01:00</Updated>
    </ImageCacheEntry>
    <ImageCacheEntry>
      <Url>https://i.imgur.com/Yq1luvw.png</Url>
      <File>c334f2530</File>
      <Updated>2021-10-25T23:00:27.8964342+01:00</Updated>
    </ImageCacheEntry>
    <ImageCacheEntry>
      <Url>iros://Preview/Auto/efc4bc61-7f80-4635-b583-f52c5c9d239f_nt_preview.png</Url>
      <File>d1da76d10</File>
      <Updated>2021-10-25T23:00:41.233056+01:00</Updated>
    </ImageCacheEntry>
    <ImageCacheEntry>
      <Url>https://i.imgur.com/4r7pgKn.png</Url>
      <File>df757a8d0</File>
      <Updated>2021-10-25T23:00:56.2644968+01:00</Updated>
    </ImageCacheEntry>
    <ImageCacheEntry>
      <Url>iros://Preview/Auto/b6629e6b-4a35-4ea7-b837-ad9655d01cfe_preview_cloud.tex.png</Url>
      <File>8051793b0</File>
      <Updated>2021-10-25T23:00:58.010142+01:00</Updated>
    </ImageCacheEntry>
    <ImageCacheEntry>
      <Url>https://i.imgur.com/DjBkB71.png</Url>
      <File>8a288e460</File>
      <Updated>2021-10-25T23:01:09.6483188+01:00</Updated>
    </ImageCacheEntry>
    <ImageCacheEntry>
      <Url>https://i.imgur.com/hz4QfZL.jpg</Url>
      <File>d63bba760</File>
      <Updated>2021-10-25T23:01:33.9231752+01:00</Updated>
    </ImageCacheEntry>
    <ImageCacheEntry>
      <Url>iros://Preview/Auto/50000000-5555-ff75-5775-500000000001_preview.jpg</Url>
      <File>fffe02be0</File>
      <Updated>2021-10-25T23:02:19.5764893+01:00</Updated>
    </ImageCacheEntry>
  </Entries>
</ImageCacheData>